{
    "loss": 7.261256217956543,
    "accuracy": 0.5035971403121948
}